,docname,from,to,pre,keyword,post,pattern
1,吴树文,212,212,建 在 斜坡 半 腰 处 的 一 块 平整 出来 的 空地 上 墓碑 的 正面 标 着 法名,——,光誉 春琴 惠照禅 定 尼 背面 是 —— 俗名 鵙 屋 琴 号 春琴 明治 十九 年 十月 十四日 殁,——
2,吴树文,220,220,块 平整 出来 的 空地 上 墓碑 的 正面 标 着 法名 —— 光誉 春琴 惠照禅 定 尼 背面 是,——,俗名 鵙 屋 琴 号 春琴 明治 十九 年 十月 十四日 殁 享年 五十八 岁 侧面 刻 着 —— 门徒,——
3,吴树文,239,239,是 —— 俗名 鵙 屋 琴 号 春琴 明治 十九 年 十月 十四日 殁 享年 五十八 岁 侧面 刻 着,——,门徒 温 井佐 助 谨 立 琴 姑娘 虽然 一生一世 用 着 鵙 屋 这个 姓 但 她 同 门徒,——
4,吴树文,451,451,墓碑 前 只见 碑石 约 为 琴 姑娘 那 块 碑 石 的 一半 大小 碑 的 正面 刻 着,——,真 誉 琴 台 正道 信士 背面 是 —— 俗名 温 井佐 助 号 琴 台 鵙 屋 春 琴,——
5,吴树文,460,460,块 碑 石 的 一半 大小 碑 的 正面 刻 着 —— 真 誉 琴 台 正道 信士 背面 是,——,俗名 温 井佐 助 号 琴 台 鵙 屋 春 琴 之 门徒 明治 四十 年 十月 十四日 殁 享年,——
6,吴树文,726,726,井 检 校 一 家 是 信日莲 宗 的 全家 除 检 校外 墓 都 置于 检 校 的 故乡,——,江 州 日 野 町 的 某 寺院 里 而 检 校 之所以 舍弃 祖祖辈辈 的 遗训 去 改 信,——
7,吴树文,1541,1541,普遍 适用 于 一般 场合 当然 不得而知 但 我 觉得 至少 可以 这样 说 由于 佛 和 菩萨 的 眼,——,即 所谓 慈 眼 视 众 生 的 慈 眼 —— 乃是 半 开 半 闭 的 所以 人们 已经,——
8,吴树文,1552,1552,可以 这样 说 由于 佛 和 菩萨 的 眼 —— 即 所谓 慈 眼 视 众 生 的 慈 眼,——,乃是 半 开 半 闭 的 所以 人们 已经 形成 一 种 条件反射 觉得 闭 着 的 眼睛 要 比,——
9,吴树文,2398,2398,可能 在 某种 程度 上 被 检 校 加工 过 了 至少 检 校 似乎 难 逃 这样 的 干系,——,他 听 了 春 琴 一时 随心所欲 的 感 喟 觉得 正中下怀 便 铭记在心 并 赋予 其 表现 春琴 伟大,——
10,吴树文,3400,3400,了 可见 佐助 来 时 春琴 那 美丽 的 眼睛 已经 永远 失去 光辉 了 佐助 对 这 件 事,——,对 自己 一 次 也 没有 看到 过春琴 的 明亮 眼神 一 事 不但 至 终 没有 抱恨 反而 觉得,——
11,吴树文,6439,6439,任何人 察觉 但是 到 了 这 一 年 的 冬天 出 了 一 件 事 有 一 天 黎明 前,——,不过 冬天 的 早晨 四点 钟 光景 依然 是 一 片 漆黑 同 深夜 一样 碰巧 鵙 屋 家 的,——
12,吴树文,6848,6848,母亲 听到 的 弦 音 就是 佐助 发出 来 的 大概 是 因为 佐 助 偷偷 选中 的 练习 地点,——,那个 凉台 是 位于 店铺 的 屋顶 上面 吧 所以 比起 睡 在 凉台 底下 的 师 兄弟 们 还是,——
13,吴树文,6963,6963,这个 当 口 儿 从 意料 不 到 的 地方 伸出 了 一 只 手 来 拯救 佐 助 了,——,内宅 提出 先 听听 佐 助 究竟 弹 得 如何 再说 而 春琴 就 是 倡导者 佐 助 真是 诚惶诚恐,——
14,吴树文,7795,7795,将来 更 重要 况且 佐 助 本身 也 希望 如此 安左卫 门 觉得 那 就 不 要 多 言 听其自然,——,反正 暂且 就 这么 走着瞧 吧 佐助 用 师傅 来 称 叫 春琴 便 是 从 这 时候 开始 的,——
15,吴树文,8007,8007,每日 不可 脱 的 正业 了 有时候 晚 至 九点 钟 十点 钟 春琴 仍 不 放 佐 助 过门,——,佐助 我 是 这样 教 你 的 吗 不行 不行 你 就 是 弹 到 天亮 也 得 给 我,——
16,吴树文,8031,8031,这样 教 你 的 吗 不行 不行 你 就 是 弹 到 天亮 也 得 给 我 弹 出 来,——,春琴 这种 严厉 的 训斥 经常 使 楼下 的 仆人 们 听 了 为 之 咋舌 有的 时候 这 位,——
17,吴树文,8241,8241,玉 次 郎 的 后脑 也 留 有 同样 性质 的 伤疤 这 玉 次 郎 年轻 时 陪 师傅,——,大 名人 吉田 玉 造 —— 演 阿波 的 鸣 门 师傅 在 捕捉 一 场 里 主持 十 郎,——
18,吴树文,8247,8247,留 有 同样 性质 的 伤疤 这 玉 次 郎 年轻 时 陪 师傅 —— 大 名人 吉田 玉 造,——,演 阿波 的 鸣 门 师傅 在 捕捉 一 场 里 主持 十 郎 兵 卫 这个 木偶 的 表演,——
19,吴树文,8899,8899,男子 作 师傅 苛责 徒弟 的 事 可 说 不胜枚举 但是 一个 女子 对待 徒弟 竟然 又 打 又 骂,——,像 春琴 这样 的 例子 似乎 不 多 见 看来 春 琴 大概 有 几 分 残 虐 的 本性,——
20,吴树文,8958,8958,究 竞 是否 符合 事实 而今 当然 很 难 下 结论 但是 有 一 件 事情 是 很 清楚 的,——,孩子 在 作 假 烧 饭 的 游戏 时 必定 完全 模仿 大人 的 样子 春琴 自己 虽然 受到 检,——
21,吴树文,10305,10305,老 夫妇 俩 方始 婉转 地 提出 了 这 件 婚事 但 是 完全 出乎意料 之外 的 事 发生 了,——,春琴 毫不犹豫 地 拒绝 了 她 极为 生气 地 表示 自己 此生 根本 不 想 结婚 而 像 佐 助,——
22,吴树文,10346,10346,这样 的 对像 更 是 想 都 不曾 想 过 然而 一 件 大大 出乎意料 之外 的 事 发生 了,——,一 年 之后 母亲 感到 春琴 的 身体 有些 异样 心想 难道 真是 母亲 暗中 留神 观察 觉得 确 有,——
23,吴树文,10787,10787,任 你 磨 破 了 嘴皮 佐助 也 不 吐露 真情 然而 最后 还是 可以 体察 到 他 的 言外之意,——,这 男方 乃是 他 佐助 本人 佐助 表示 已 同 小姑 约定 决 不 讲 出来 心里 害怕 背约 无可奉告,——
24,吴树文,11542,11542,课 徒 的 检 校 从 自己 的 名字 里 取出 一 个 字 给 她 起 了 一个 名字,——,春琴 在 隆重 的 演奏 场合 检 校 有时 同 春 琴 合奏 有时 让 春 琴 弹 唱 高音,——
25,吴树文,13951,13951,所谓 能 发出 咯 啾 咯 啾 咯 啾 咯 啾 的 越 谷 鸣声 有 所谓 能 发出 唿,——,嘁 —— 哔 咯 呱 的 高腔 鸣 声 如果 黄莺 除了 能 发出 嚯 —— 嚯 喀 咕 这种,——
26,吴树文,13953,13953,发出 咯 啾 咯 啾 咯 啾 咯 啾 的 越 谷 鸣声 有 所谓 能 发出 唿 —— 嘁,——,哔 咯 呱 的 高腔 鸣 声 如果 黄莺 除了 能 发出 嚯 —— 嚯 喀 咕 这种 固有 的,——
27,吴树文,13967,13967,所谓 能 发出 唿 —— 嘁 —— 哔 咯 呱 的 高腔 鸣 声 如果 黄莺 除了 能 发出 嚯,——,嚯 喀 咕 这种 固有 的 鸣 声 外 还 能 作 上述 两 种 鸣 声 的 身价 就,——
28,吴树文,14006,14006,身价 就 不凡 了 丛林 中 的 莺 一般 不 鸣 偶 有 所 鸣 也 不 会 作 唿,——,嘁 —— 哔 咯 呱 的 鸣 法 只 知 嚯 —— 气 —— 啤 喳 地 鸣叫 不 能,——
29,吴树文,14008,14008,不凡 了 丛林 中 的 莺 一般 不 鸣 偶 有 所 鸣 也 不 会 作 唿 —— 嘁,——,哔 咯 呱 的 鸣 法 只 知 嚯 —— 气 —— 啤 喳 地 鸣叫 不 能 悦耳 而,——
30,吴树文,14018,14018,有 所 鸣 也 不 会 作 唿 —— 嘁 —— 哔 咯 呱 的 鸣 法 只 知 嚯,——,气 —— 啤 喳 地 鸣叫 不 能 悦耳 而 欲 使 莺 儿 作出 哔 咯 呱 哗 咯,——
31,吴树文,14020,14020,鸣 也 不 会 作 唿 —— 嘁 —— 哔 咯 呱 的 鸣 法 只 知 嚯 —— 气,——,啤 喳 地 鸣叫 不 能 悦耳 而 欲 使 莺 儿 作出 哔 咯 呱 哗 咯 呱 这种,——
32,吴树文,15867,15867,篇 题为 大阪 及 大阪 人 之 我 见 的 文章 中 谈 到 过 大阪 人 的 俭朴 生活,——,东京 人 的 铺张 挥霍 是 表里一致 的 但是 大阪 人 不同 尽管 看上去 阔气 无比 却 少 不 了,——
33,吴树文,17637,17637,中 的 某人 怀恨在心 便 施 以 报复 了 首先 值得 怀疑 的 是 土 佐 堀 的 杂粮 商店,——,美 浓 屋 —— 老板 九兵卫 的 儿子 利 太 郎 这 位 少爷 是 个 出名 的 浪荡 子弟,——
34,吴树文,17641,17641,便 施 以 报复 了 首先 值得 怀疑 的 是 土 佐 堀 的 杂粮 商店 —— 美 浓 屋,——,老板 九兵卫 的 儿子 利 太 郎 这 位 少爷 是 个 出名 的 浪荡 子弟 一贯 在 冶 游,——
35,吴树文,18218,18218,的 脸部 雍容 艳丽 举 座 为 之 瞩目 令 人 神 驰 接 下来 还有 一个 可笑 的 场面,——,大家 到 庭园 里 去 玩赏 的 时候 只见 佐 助 引导 着 春琴 在 梅花 丛中 徐徐 而 行,——
36,吴树文,19036,19036,还 是 个 未成年 的 小姑娘 如此 苛责 也 太 过分 了 眼下 在 一个 少女 最 要紧 的 部分,——,脸蛋 上 留下 了 伤疤 这 是 不 能 就此 完事 的 你 说 该 怎么办 吧 这种 偏激 的,——
37,吴树文,19192,19192,过 致歉 的 意思 而 这 位 少女 的 父亲 也 为 女儿 的 相貌 遭到 损害 作出 了 报复,——,使 春琴 在 容貌 上 付出 了 相应 的 代价 不过 话 得 说 回来 所谓 发 际 有 伤痕,——
38,吴树文,19773,19773,是 值得 一 看 的 好戏 哪 因此 也 不能 完全 否定 这 其中 有 着 声东击西 的 战略 思想,——,打 春琴 痛 佐 助 总而言之 众说纷纭 实 难 断 谳 不过 这儿 倒 有 另 一 种 从 完全,——
39,吴树文,19806,19806,这儿 倒 有 另 一 种 从 完全 意想不到 的 地方 冒 出 来 的 颇 有 说服力 的 猜测,——,迫害 春 琴 的 人 恐 伯 不 是 春琴 的 门徒 而是 春琴 的 艺 敌 —— 某 检,——
40,吴树文,19824,19824,的 猜测 —— 迫害 春 琴 的 人 恐 伯 不 是 春琴 的 门徒 而是 春琴 的 艺 敌,——,某 检 校 或 某 女 师傅 虽说 持 这 一 论点 者 并 无 什么 有力 的 论据 但,——
41,吴树文,20083,20083,是 不 胜 快乐 的 想法 若 将 这 种种 疑点 综合 起来 分析 一下 可以 得出 这样 一个 结论,——,春 琴 早晚 得 遭 人 暗算 这 是 不可避免 的 趋势 春琴 是 在 不知不觉 中 向 各 处,——
42,吴树文,20807,20807,曾 向 周围 的 人 讲 起 过 自己 双目 失明 的 来龙去脉 据此 当时 的 详情 才 得以 披露,——,在 春琴 遭到 歹徒 袭击 的 那天 晚上 佐助 同 往常 一样 睡 在 春 琴 闺房 的 隔壁 当,——
43,吴树文,21869,21869,当然 是 很 难 贸然 下结论 的 事 不过 佐 助 听到 春琴 说 的 那 一 句 短短的 话,——,佐助 这 是 真 的 吗 时 觉得 地 高兴 得 发抖 了 而且 在 相对 无 语 的 那,——
44,吴树文,23253,23253,时间 教 众 男女 门徒 学艺 当时 春琴 过 着 闭门不出 的 日子 她 给 佐助 起 了 个别 号,——,琴 台 由 佐助 一 手 承接 众 门徒 的 学艺 事宜 春琴 的 那 块 音 曲 指南 的,——
45,吴树文,23295,23295,上 原 书 有 鴫 屋 春 琴 这个 姓名 而今 在 此 姓名 旁 添 了 一 行 小字,——,温 井 琴 台 佐助 的 忠义 和 温顺 早已 不胫而走 深 得 周围 人们 的 同情 所以 前来 学艺,——
46,吴树文,24824,24824,解冻 的 深山 积雪 开始 融化 的 初 春 季节 开始 的 然后 把 人 引入 各种各样 的 景色 里,——,水位 升高 溪流 潺潺 松 籁 有声 东风 驾临 山野 烟霞 迷茫 梅 香 扑鼻 樱花 如 雪 曲子 在,——
47,曹曼,3055,3055,燃烧 的 崇拜 之 情 深 埋 心底 每日 勤勤恳恳 侍奉 至于 爱恋 之 情 想 都 不 敢 想,——,就 算是 有点 念 想 对方 是 冰清玉洁 的 大 小姐 世代 恩 主 家 的 千金 只是 吩咐 他,——
48,曹曼,15250,15250,的 推测 起因 也 着实 让 人 诧异 有人 说 凶手 并 不 是 春琴 的 弟子 而是 竞争 对手,——,某 检 校 或 某 位 女 琴师 虽说 也 是 没 证据 但 这种 算 是 出于 日常 观察,——
49,杨爽,5918,5918,其他 人 知道 但 到 了 那年 的 冬天 却 发生 了 一 件 意外 某 一 天 黎明 时分,——,说 是 黎明 但 寒冬 时节 的 凌晨 四点 左右 和 漆黑 的 深夜 没什么 区别 —— 这个 时候 屋,——
50,杨爽,5935,5935,天 黎明 时分 —— 说 是 黎明 但 寒冬 时节 的 凌晨 四点 左右 和 漆黑 的 深夜 没什么 区别,——,这个 时候 屋 家 的 女主人 也 就 是 春琴 的 母亲 茂 夫人 起来 上 茅厕 隐约 听见 不知,——
51,杨爽,8966,8966,惯例 她 是 放下 三弦 琴 一边 用 右手 用力 拍打 膝盖 一边 口头 模仿 琴音 来 配合 的 呀,——,叽 哩 叽 哩 刚 叽 哩 叽 哩 刚 叽 哩 刚 叽 哩 刚 叽 哩 嘎 ——,——
52,杨爽,8986,8986,—— 叽 哩 叽 哩 刚 叽 哩 叽 哩 刚 叽 哩 刚 叽 哩 刚 叽 哩 嘎,——,叽 噔 哆 噌 哆 噌 隆 呀 —— 噜 噜 通 可 这 次 她 终于 一声不响 地 甩手,——
53,杨爽,8995,8995,哩 刚 叽 哩 刚 叽 哩 刚 叽 哩 嘎 —— 叽 噔 哆 噌 哆 噌 隆 呀,——,噜 噜 通 可 这 次 她 终于 一声不响 地 甩手 不 管 了 佐助 像 被 抛弃 在 汪洋,——
54,杨爽,13273,13273,人们 分辨 鸟儿 啼 叫 的 方法 或是 赏玩 方法 似乎 都 有所不同 举 今天 的 例子 来说 除了 嚯,——,嚯 啾啾 的 生来 具有 的 叫声 之外 还 会 啁啾 啁啾 啁啾 啁啾 地 叫 也 就是 所谓 渡,——
55,杨爽,13300,13300,叫声 之外 还 会 啁啾 啁啾 啁啾 啁啾 地 叫 也 就是 所谓 渡 谷 的 叫声 或者 是 嚯,——,叽 —— 呗 咔 吭 地 叫 也 就是 所谓 高音 的 叫声 会 这 两 种 叫声 的 鸟儿,——
56,杨爽,13302,13302,还 会 啁啾 啁啾 啁啾 啁啾 地 叫 也 就是 所谓 渡 谷 的 叫声 或者 是 嚯 —— 叽,——,呗 咔 吭 地 叫 也 就是 所谓 高音 的 叫声 会 这 两 种 叫声 的 鸟儿 特别 值钱,——
57,杨爽,13339,13339,的 鸟儿 特别 值钱 据说 野 莺 不 会 这么 叫 即便 偶尔 有 这么 叫 的 也 是 嚯,——,叽 —— 呗 喳 地 叫 很 是 难 听 要 想 让 它 的 叫声 带 着 吭 这样,——
58,杨爽,13341,13341,特别 值钱 据说 野 莺 不 会 这么 叫 即便 偶尔 有 这么 叫 的 也 是 嚯 —— 叽,——,呗 喳 地 叫 很 是 难 听 要 想 让 它 的 叫声 带 着 吭 这样 的 金属,——
59,杨爽,19798,19798,了 一边 靠近 她 的 枕 边 想 要 叫醒 她 就 在 这个 时候 春 琴 不由自主 地 啊,——,地 大 叫 一 声 捂住 了 双 眼 佐 助 佐助 我 的 样子 已经 惨不忍睹 了 你 不要,——
60,杨爽,20900,20900,通向 外界 的 双 眼 但 同时 却 打开 了 面向 内在 的 双 眼 他 在 心中 感慨 啊,——,这 真 的 是 师父 所 栖 居 的 世界 我 终于 可以 和 师父 住 在 同一个 世界 里,——
61,林少华,317,317,鵙 屋 家 的 亲人 那么 这 位 故人 是 无 人 祭祀 的 亡灵 不成 却 又 不 然,——,住 在 荻 茶 屋 那边 的 一 位 七十 光景 的 老 妇人 每 年 来 祭祀 一两 次,——
62,林少华,887,887,这 本 书 约 有 三十 页 是 用 四 号 铅字 印 在 生 漉 和 纸 上 的,——,以 此 推测 应该 是 春琴 女 去世 三 周年 时 弟子 检 校 托 谁 编写 师父 传记 分发,——
63,林少华,1385,1385,这样 对于 春琴 女 闭合 的 眼睑 也 感到 仿佛 拜见 古代 观世音 画像 那样 的 隐约 慈悲 之 情,——,也 可能 同 她 是 分外 温柔 的 女人 这 点 有关 —— 据说 春 琴 女 的 相片 前前后后,——
64,林少华,1398,1398,画像 那样 的 隐约 慈悲 之 情 —— 也 可能 同 她 是 分外 温柔 的 女人 这 点 有关,——,据说 春 琴 女 的 相片 前前后后 仅 此 一 幅 她 幼小 的 时候 照相 技术 尚未 引进 而,——
65,林少华,1519,1519,想 来 春琴 女 拍 这 幅 相片 时 她 已 三十七 岁 检 校 也 已 成 了 盲人,——,检 校 在 这个 世上 最后 看见 的 她 的 模样 想必 是 接近 这 幅 相片 的 故而 晚,——
66,林少华,1688,1688,正 所谓 树大招风 师父 只 因 相貌 和 艺能强 于 诸 人 而 一生 中 两 次 招致 别人 嫉妒,——,师父 的 不 走运 完全 是 这 两 次 灾难 的 结果 如此 综合 判断 其间 也 似 有 难言之隐,——
67,林少华,1980,1980,是 因为 对 自己 不 了解 之 故 只要 眼睛 不 失明 自己 绝不 会 往 音 曲 方面 发展,——,春琴 女 每每 向 检 校 如此 述 怀 另一方面 听 起来 这 未尝 不 是 说 自己 就 连,——
68,林少华,2200,2200,常人 所 能 效仿 只 是 失明 之后 因 别 无 乐趣 所以 更加 深入 此 道 投入 全副 身心,——,这 一 说法 应该 真实 可信 所以 她 的 真正 才华 想必 一 开始 就 表现 在 音乐 方面 而,——
69,林少华,2662,2662,用心 鞭策 势必 更加 变成 可 畏 后生 本职 弟子 们 岂 不 尴尬 生于 富有 人家 衣食 无 忧,——,这样 的 姑娘 无须 刻意 管教 相比之下 莫如 全力以赴 将 愚钝 之 才 培养 成材 你 等 所 言 竟,——
70,林少华,3145,3145,动人 这 张 脸 必须 如此 理应 如此 四 姐妹 之中 之所以 春 琴 评价 高 认为 她 最 漂亮,——,即便 这 是 事实 —— 想必 那 也 是 对 其 残疾 多少 怀有 怜悯 之 情 使 然 及至,——
71,林少华,3150,3150,如此 理应 如此 四 姐妹 之中 之所以 春 琴 评价 高 认为 她 最 漂亮 —— 即便 这 是 事实,——,想必 那 也 是 对 其 残疾 多少 怀有 怜悯 之 情 使 然 及至 佐助 则 不然 日后 佐,——
72,林少华,3554,3554,是 春琴 的 本意 吗 会 不 会 是 佐 助 仰慕 之 念 隐约 传递 过去 而 为 之,——,尽管 是 孩子 —— 感到 欣喜 虽然 很 难 设想 十 岁 少女 能 有 这样 的 事 但 想,——
73,林少华,3558,3558,吗 会 不 会 是 佐 助 仰慕 之 念 隐约 传递 过去 而 为 之 —— 尽管 是 孩子,——,感到 欣喜 虽然 很 难 设想 十 岁 少女 能 有 这样 的 事 但 想 到 作为 聪颖 早熟,——
74,林少华,3671,3671,时 佐助 把 左手 抬 到 春琴 肩 高 的 位置 掌心 朝 上 来 接受 她 的 右 掌,——,佐助 这 一 存在 对于 春琴 似乎 不过 是 一 只 手掌 而已 偶尔 要 解手 时 也 只是 示,——
75,林少华,4026,4026,她 原本 就 有 这样 的 禀性 加上 佐 助 刻意 逢迎 以致 她 唯独 对 佐助 才 这样 变本加厉,——,她 觉得 佐 助 最为 得心应手 的 缘由 即 在 这里 而 佐助 也 不 以 此 为 苦 莫如,——
76,林少华,4444,4444,的 结果 甚至 企图 以 音 曲 作为 获取 对方 之爱 的 手段 那样 的 心情 都 是 没有 的,——,这 点 从 对 她 都 极力 隐瞒 这 点 亦可 了然 佐助 同 五六 个 伙计 学徒 睡 在,——
77,林少华,4469,4469,她 都 极力 隐瞒 这 点 亦可 了然 佐助 同 五六 个 伙计 学徒 睡 在 又 矮 又 窄,——,窄 得 若 一同 起身 几乎 头 碰头 —— 的 房间 里 以 不 妨碍 他们 睡眠 为 条件 求,——
78,林少华,4478,4478,同 五六 个 伙计 学徒 睡 在 又 矮 又 窄 —— 窄 得 若 一同 起身 几乎 头 碰头,——,的 房间 里 以 不 妨碍 他们 睡眠 为 条件 求 其 保密 大家 正是 无论 怎么 睡 都 睡,——
79,林少华,4632,4632,点 感到 乐不可支 即使 后来 被 允许 公开 练习 之后 每 次 拿 起 乐器 时 也 习惯 闭目 合眼,——,说 不 和 小姐 一 样 过意不去 亦 即 尽管 双 眼 明亮 却 想 要 品尝 和 失明 春,——
80,林少华,4888,4888,以外 所 幸 无 人 知晓 但 到 了 那年 冬天 发生 了 一 件 事 某 日 天明 时分,——,说 虽 这么 说 其实 冬天 四点 前后 仍 四下 漆黑 同 夜半 无异 —— 鵙 屋 的 御 寮,——
81,林少华,4903,4903,事 某 日 天明 时分 —— 说 虽 这么 说 其实 冬天 四点 前后 仍 四下 漆黑 同 夜半 无异,——,鵙 屋 的 御 寮 人 即 春琴 母亲 茂 女 起来 如 厕 忽然 听 得 不 知 哪里,——
82,林少华,4943,4943,哪里 断 续 传来 雪 的 旋律 虽然 古 来 就 有 寒夜 隐约 黎明 时分 在 寒风 中 习艺,——,时 称 寒 习 —— 的 习惯 但 道 修 町 乃 药店 集中 地段 传统 店铺 栉比鳞次 并非 游艺,——
83,林少华,4948,4948,的 旋律 虽然 古 来 就 有 寒夜 隐约 黎明 时分 在 寒风 中 习艺 —— 时 称 寒 习,——,的 习惯 但 道 修 町 乃 药店 集中 地段 传统 店铺 栉比鳞次 并非 游艺 师父 和 艺人 之 流,——
84,林少华,5079,5079,里 那么 说来 我 也 听到 了 在 哪里 弹 的 呢 同 狐狸 敲 肚皮 也 好像 不 一样,——,也 有 人 这么 说道 在 店员 们 不 觉 之间 成 了 后院 谈论 的 问题 作为 佐助 若,——
85,林少华,5353,5353,不悦 本来 只 做 好 所 交代 的 向导 任务 即可 却 不 顾 小 学徒 的 身份 如此 不自量,——,或 被 如此 百般 怜悯 或 遭 这般 嘲笑 总之 不 会 有 什么 好事 唯其如此 听 得 主人 想,——
86,林少华,5766,5766,减轻 自己 的 负担 而 佐助 又 非同一般 人 加之 有 小姐 特意 调教 谅 本人 也 为此 好运 喜不自胜,——,想必 是 如此 诱导 的 结果 但是 如果 诱导 不当 一向 闹别扭 的 春琴 很 可能 怀疑 自己 上 了,——
87,林少华,5836,5836,收 佐助 为 弟子 对于 父母 兄弟 和 佣工 们 是 求之不得 的 事 至于 十一 岁 的 女 师父,——,纵然 再 是 天才 —— 能否 真 的 教 人 这 无须 深究 而 只要 能 以 如此 形式 化解,——
88,林少华,5841,5841,父母 兄弟 和 佣工 们 是 求之不得 的 事 至于 十一 岁 的 女 师父 —— 纵然 再 是 天才,——,能否 真 的 教 人 这 无须 深究 而 只要 能 以 如此 形式 化解 她 的 无聊 旁边 的,——
89,林少华,6204,6204,也 每每 不许 告退 佐助 我 是 那么 教 的 吗 不行 不行 弹 个 通宵 都 要 弹 会,——,严厉 斥责 之 声 屡屡 使得 楼下 佣工 们 为 之 愕然 甚至 这 位 幼小 的 女 师父 一边,——
90,林少华,6539,6539,在 修业 时代 看上去 如 牛 一样 愚钝 人称 笨 牛 但 他 的 师父 是 有名 的 丰泽团 平,——,俗称 大 团 平 —— 乃 近代 三弦 巨匠 一个 溽暑 蒸 人 的 盛夏 之 夜 这 位 大,——
91,林少华,6544,6544,牛 一样 愚钝 人称 笨 牛 但 他 的 师父 是 有名 的 丰泽团 平 —— 俗称 大 团 平,——,乃 近代 三弦 巨匠 一个 溽暑 蒸 人 的 盛夏 之 夜 这 位 大 隅 在 师父 家 练习,——
92,林少华,6764,6764,如前所述 春琴 的 师父 春 松 检 校 的 教法 也 向 以 严格 闻名 动辄 破口大骂 伸手 就 打,——,采用 这种 教法 的 多 是 盲人 受 教 者 也 多 是 盲人 这样 每 次 被 师父 打骂,——
93,林少华,6898,6898,男 弟子 如春 琴 者 则 鲜有 其 例 由此 观 之 多少 有 嗜 虐 倾向 亦 未 可知,——,说不定 以 授 艺 为由 而 在 领略 一 种 变态 性欲 的 快感 是否 果真如此 今日 难以 判断 明白,——
94,林少华,6938,6938,明白 无误 的 仅 有 一点： 如果 说 小孩子 做 游戏 必然 模仿 大人 那么 她 也 并 不 例外,——,虽然 因为 自己 受到 检 校 的 关爱 而 不 曾 吃 皮肉 之 苦 但 因为 平时 了解 师父,——
95,林少华,7442,7442,出错 春琴 按捺不住 于是 一 如 往常 把 三弦 放下 一边 用 右手 猛 拍 膝头 一边 口头 讲授 呀,——,啾 哩 啾 哩 哐 啾 哩 啾 哩 哐 啾 哩 哐 啾 哩 哐 啾 哩 哐 ——,——
96,林少华,7462,7462,—— 啾 哩 啾 哩 哐 啾 哩 啾 哩 哐 啾 哩 哐 啾 哩 哐 啾 哩 哐,——,啾 锵 噔 噌 噔 噌噌 呀 噜 噜 咚 最后 她 终于 不 出 声 地 一 把 甩开,——
97,林少华,7847,7847,难能可贵 但 凡事 皆 委曲求全 又 招致 女儿 变本加厉 的 结果 将来 不知 成为 何等 根 性 扭曲 的 女人,——,两 人 想必 为此 暗暗 心 痛 不知 是 不 是 因为 这个 佐助 从 十八 岁 那年 冬天 开始,——
98,林少华,7981,7981,谅解 使 其 放弃 当 商人 的 目的 代 之 以 保证 佐助 的 前程 决不 弃 之 不 理,——,估计 为 此 费尽 唇舌 据 察 安左卫 门 夫妇 想必 动 了 出于 为 女儿 着想 而 想 招,——
99,林少华,8793,8793,从 小 即 蒙受 非同寻常 的 大 恩 万万 不 敢 不自量力 胆大妄为 此 乃 完全 始料未及 的 冤枉 事,——,同 春 琴 一唱一和 彻底 予以 否认 这样 事情 更加 变 得 扑朔迷离 父母 遂 说 可 你 不 心疼,——
100,林少华,8849,8849,能 养 的 你 硬是 讨厌 婚嫁 所以 尽管 孩子 可怜 除了 送 去 哪里 也 别 无 他 法,——,如此 以 孩子 要挟 紧逼 一 步 不料 春 琴 不以为然 说道 那 就 请 送 去 哪里 好 了,——
101,林少华,11031,11031,叫 出 呗 嘎 铿 铿 这种 带有 金 属性 余韵 的 声音 就要 以 某种 人 为 手段 培养,——,把 薮 莺 的 幼雏 在 它 还 没 长 尾巴 的 时候 捕 来 让 它 跟 别的 师,——
102,林少华,12962,12962,对 那个 弟子 和颜悦色 说 出 违心 的 夸奖 话 来 致使 听 的 人 心里 很 不 是 滋味,——,师父 的 恭维话 真 是 可怕 如此这般 对 大家 送 的 东西 都 要 一一 玩味 甚至 糕点 盒 都,——
103,林少华,13199,13199,的 奢侈 诚然 无 足 为 奇 但 在 过去 即便 男子 也 不 能 那样 纵然 富裕 之 家,——,尤其 刻板 守旧 的 世家 —— 在 衣食 住 方面 也 不 奢侈 以免 招致 不 安分守己 的 非难 不屑,——
104,林少华,13205,13205,奇 但 在 过去 即便 男子 也 不 能 那样 纵然 富裕 之 家 —— 尤其 刻板 守旧 的 世家,——,在 衣食 住 方面 也 不 奢侈 以免 招致 不 安分守己 的 非难 不屑 于 同 暴发户 为伍 之所以 对,——
105,林少华,13266,13266,兄长 这 代 就 每每 有 了 不满 每月 按 最 大 限度 定下 金额 不再 接受 额外 索 求,——,她 的 吝啬 似乎 也 与 此 有关 而 另一方面 毕竟 是 维持 生活 绰绰有余 的 金额 所以 自不待言 教,——
106,林少华,13842,13842,卢 梭 在 叙述 即将 降临 在 春琴 头 上 的 第二 次 灾难 之际 而 不 能 明确 指出,——,即便 春琴 传 上 也 回避 明确 记载 —— 其 原因 和 施 害 者 这 点 固然 遗憾 但,——
107,林少华,13851,13851,上 的 第二 次 灾难 之际 而 不 能 明确 指出 —— 即便 春琴 传 上 也 回避 明确 记载,——,其 原因 和 施 害 者 这 点 固然 遗憾 但 视为 因 上述 情由 招致 几 个 弟子 的,——
108,林少华,15155,15155,不过 虽说 是 发 际 也 不过 是 在 额头 正中 或 耳 后 哪里 留下 一点 点 伤痕 罢了,——,对 此 怀恨在心 而 施加 足以 使 对方 终生 改变 表情 的 严重 伤害 就 算是 出于 因 心疼 自家,——
109,林少华,15866,15866,如此 列举 种种 值得 怀疑 的 缘由 不 难 得知 春琴 处于 迟早 有 谁 对 她 下手 的 状态,——,不知不觉 之间 她 已 到处 埋 下 祸根 前面 所 说 的 天下 茶 屋 赏 梅 宴 大约 过,——
110,林少华,16205,16205,损毁 天生 美貌 那个 程度 的 烫伤 也 不至于 用 头巾 包 住 脸面 或 不 愿 与 人 接触,——,那 却 是 何苦 根据 鴫 泽辉 女 和 其他 两三 人 的 说法 盗贼 事先 潜入 厨房 生火 把,——
111,林少华,16308,16308,用 了 两 个 多 月 时间 乃是 非同小可 的 重伤 这样 关于 她 变 得 面目全非 的 种种 流言蜚语,——,如 毛发 脱落 半边 光秃 等 —— 就 不 能 一 口 斥之为 无 凭 无 据 的 臆想 佐助,——
112,林少华,16315,16315,乃是 非同小可 的 重伤 这样 关于 她 变 得 面目全非 的 种种 流言蜚语 —— 如 毛发 脱落 半边 光秃 等,——,就 不 能 一 口 斥之为 无 凭 无 据 的 臆想 佐助 因 自 那 以后 失明 了 或许,——
113,林少华,17849,17849,遭 此 难 说 心里话 现在 这样 给 别人 看见 也 就 罢了 但 唯独 不 想 给 你 看见,——,难 得 你 体察 这 番 苦心 啊 谢谢 听 得 师父 这 番 话 我 的 欣喜 不 是,——
114,林少华,18039,18039,时候 辉 女 一边 向 佐助 学习 丝竹 之 道 一边 周旋 于 两 个 盲人 之间 穿 线 搭桥,——,不 能 算作 导 盲 向导 —— 盖 因 一 人 遽然 失明 一 人 虽说 自幼 失明 但 终究,——
115,林少华,18046,18046,丝竹 之 道 一边 周旋 于 两 个 盲人 之间 穿 线 搭桥 —— 不 能 算作 导 盲 向导,——,盖 因 一 人 遽然 失明 一 人 虽说 自幼 失明 但 终究 是 筷子 的 拿 起 放 下,——
116,林少华,18499,18499,不 允许 我 等 想象 的 这样 佐 助 忘我 地 服侍 春 琴 春琴 欣然 追求 他 的 服侍,——,相互 不知 疲倦 也 就 不足为奇 了 不仅如此 佐助 还 分 出 陪伴 春琴 的 余暇 教授 许多 子女 当时,——
117,林少华,18701,18701,没有 如此 情由 佐 助 何苦 教 音 曲 呢 一边 忙里偷闲 教 音 曲 一边 飞 去 春琴 跟前,——,这种 单 翅 鸟 想必 在 授 艺 的 同时 心里 七上八下 料想 春琴 也 同样 苦恼 接过 师父 活计,——
118,林少华,18731,18731,同时 心里 七上八下 料想 春琴 也 同样 苦恼 接过 师父 活计 以 瘦弱 的 肩膀 承担 一 家 的 生计,——,这样 的 佐助 为什么 没 正式 和 她 结婚 呢 莫非 春 琴 的 自尊心 至今 仍 将 佐 助,——
119,林少华,18918,18918,对 等 关系 遵守 主从 礼仪 而且 比 以前 还 更加 放 低 自己 恪尽职守 以便 让 春 琴 尽可能,——,哪怕 一点 点 —— 忘却 不幸 找回 以往 的 自信 现在 也 一 如 往日 甘于 薄 薪 接受 同,——
120,林少华,18922,18922,主从 礼仪 而且 比 以前 还 更加 放 低 自己 恪尽职守 以便 让 春 琴 尽可能 —— 哪怕 一点 点,——,忘却 不幸 找回 以往 的 自信 现在 也 一 如 往日 甘于 薄 薪 接受 同 仆人 无异 的 粗,——
121,林少华,19841,19841,开始 消融 水位 上涨 的 溪流 潺潺 流淌 松 籁 回荡 东风 来访 山野 烟 笼 梅花 飘香 樱花 如云,——,旋律 引 人 进入 这 种种 景致 之中 隐约 诉说 在 山谷 之间 树枝 之间 往来 飞 着 鸣叫 的,——
122,谭晶华徐建雄,243,243,就 建 在 斜坡 半 腰 里 辟 出 的 一 小 块 空地 上 光誉 春琴 惠照禅 定 尼,——,墓碑 的 正面 记 着 这样 的 法名 背面 为 俗名 鵙 屋 琴 号 春琴 明治 十九 年 十月,——
123,谭晶华徐建雄,1000,1000,而 在 其 左侧 在 树枝 够 不 到 的 两三 尺 远处 就是 温 井 检 校 的 坟墓,——,其 形状 简直 就 像 他 本人 恭敬 伺 坐 于 师父 身旁 一般 眼前 的 如此 景象 不由 得,——
124,谭晶华徐建雄,4661,4661,颇 多 疑问 但 总的来说 在 刚 开始 时 春琴 似乎 也 并 没 怎么 把 佐助 当 回 事儿,——,至少 佐 助 觉得 就是 这样 的 牵 手 引路 时 佐助 总是 将 自己 的 左手 举 到 与,——
125,谭晶华徐建雄,5844,5844,外面 也 能 挡住 同伴 们 打呼噜 说梦话 的 干扰 他 就 在 这 黑灯瞎火 之 中 摸索 着 弹奏,——,还 不 能 用 拨 子 只能 用 手指甲 来 弹 他 在 黑暗 中 并 未 觉得 有 什么,——
126,谭晶华徐建雄,6771,6771,大 掌柜 的 跟前 挨 一 顿 臭骂 大 掌柜 的 警告 他 以后 不许 胡闹 并 要 没收 三弦,——,眼见得 这样 的 处罚 是 在所难免 的 了 可 就 在 这时 一 只 援助 之 手 竟 从 一个,——
127,谭晶华徐建雄,6860,6860,手 带路 就 牵 手 带路 呗 就 你 这么 个 小 学徒 还 想 学 琴 真是 太 不知天高地厚,——,她 定然 会 如此 蔑视 或 嘲弄 的 且 不 论 她 是 蔑视 还是 嘲弄 反正 自己 没 好,——
128,谭晶华徐建雄,7014,7014,路 可 退 呢 于是 佐助 就 被 叫 进 内宅 去 展现 他 那 自学 三弦 的 成果 了,——,他 所 面对 的 场面 真 可谓 是 无比 盛大 的 当时 佐 助 算是 练 熟 的 曲子 约,——
129,谭晶华徐建雄,7442,7442,小姐 您 来 指点 他 一 下 如何 要 真 能 这样 那 小子 肯定 高兴 得 合不拢嘴 了 吧,——,想来 她们 就 是 这么 鼓动 的 吧 然而 春琴 性情 乖僻 倘若 鼓动 不得 法 她 或许 就 不予,——
130,谭晶华徐建雄,8348,8348,大喝一声 浑蛋 操 起 一 把 开 打 时 用 的 真 刀 对准 玉 次 郎 的 后脑勺 咣,——,地 就 来 了 一下 结果 就 留下 了 这 道 至今 都 清晰可见 的 伤疤 其实 这个 打 了,——
131,谭晶华徐建雄,9612,9612,就 不耐烦 起来 了 她 照例 放下 了 三 弦 一边 用 右手 在 膝盖 上 打拍子 一边 嘴里 呀,——,奇 里奇 里 锵 奇 里奇 里 锵 奇里锵 奇里锵 奇里锵 —— 奇 台 儿 特兹 儿 特兹 儿 鲁儿,——
132,谭晶华徐建雄,9624,9624,右手 在 膝盖 上 打拍子 一边 嘴里 呀 —— 奇 里奇 里 锵 奇 里奇 里 锵 奇里锵 奇里锵 奇里锵,——,奇 台 儿 特兹 儿 特兹 儿 鲁儿 呀 —— 鲁鲁特儿 地 念 着 口授 了 起来 可 过 了,——
133,谭晶华徐建雄,9634,9634,里奇 里 锵 奇 里奇 里 锵 奇里锵 奇里锵 奇里锵 —— 奇 台 儿 特兹 儿 特兹 儿 鲁儿 呀,——,鲁鲁特儿 地 念 着 口授 了 起来 可 过 了 一会儿 她 就 默然无声 不再 理睬 佐 助 了 佐,——
134,谭晶华徐建雄,10335,10335,女儿 身 有 残疾 难以 门当户对 地 缔结 良缘 可 若 能 与 佐助 成为 夫妇 倒 也 不失为 天作之合,——,他们 这么 想 应该 说 也 完全 是 合情合理 的 隔 了 一 年 之后 也 就是 在 春琴 十六,——
135,谭晶华徐建雄,10988,10988,的 时候 春琴 为什么 要 违心 地 严加 拒绝 呢 唉 女儿 家 的 心事 真是 捉摸 不 透 啊,——,忧愁 之中 二老 倒 也 略 感 放心 了 考虑 到 事 到 如今 还是 趁 人们 尚未 开始 议论,——
136,谭晶华徐建雄,11471,11471,一个 没有 父亲 的 孩子 呀 你 硬是 不 肯 成亲 的话 我们 就 只好 将 孩子 送 人 了,——,尽管 这么 做 挺 对不住 孩子 的 可 谁知 春 琴 一点 也 不为所动 冷 冷 地 说道 送 走,——
137,谭晶华徐建雄,14203,14203,赏玩 的 方法 上 还是 略 有 差异 的 以 今天 为 例 除了 会 用 本嗓 叫 出 嚯,——,嚯 咯 啾 之外 还 能 叫 出 咯 —— 啾 咯 —— 啾 咯 啾 咯 啾 即 所谓,——
138,谭晶华徐建雄,14213,14213,今天 为 例 除了 会 用 本嗓 叫 出 嚯 —— 嚯 咯 啾 之外 还 能 叫 出 咯,——,啾 咯 —— 啾 咯 啾 咯 啾 即 所谓 的 越 谷 莺 声 以及 嚯 —— 叽 ——,——
139,谭晶华徐建雄,14216,14216,除了 会 用 本嗓 叫 出 嚯 —— 嚯 咯 啾 之外 还 能 叫 出 咯 —— 啾 咯,——,啾 咯 啾 咯 啾 即 所谓 的 越 谷 莺 声 以及 嚯 —— 叽 —— 呗 喀 铿,——
140,谭晶华徐建雄,14231,14231,出 咯 —— 啾 咯 —— 啾 咯 啾 咯 啾 即 所谓 的 越 谷 莺 声 以及 嚯,——,叽 —— 呗 喀 铿 即 所谓 高 亮 莺 声 这 两 种 叫声 的 黄莺 就 身价 不菲,——
141,谭晶华徐建雄,14233,14233,—— 啾 咯 —— 啾 咯 啾 咯 啾 即 所谓 的 越 谷 莺 声 以及 嚯 —— 叽,——,呗 喀 铿 即 所谓 高 亮 莺 声 这 两 种 叫声 的 黄莺 就 身价 不菲 了 草丛,——
142,谭晶华徐建雄,14269,14269,就 身价 不菲 了 草丛 里 的 那种 野生 黄莺 一般 都 不 叫 偶尔 开口 也 不 是 嚯,——,叽 —— 呗 喀 铿 而是 嚯 —— 叽 —— 呗 掐 十分 难 听 像 呗 喀 铿 或,——
143,谭晶华徐建雄,14271,14271,不菲 了 草丛 里 的 那种 野生 黄莺 一般 都 不 叫 偶尔 开口 也 不 是 嚯 —— 叽,——,呗 喀 铿 而是 嚯 —— 叽 —— 呗 掐 十分 难 听 像 呗 喀 铿 或 铿 ——,——
144,谭晶华徐建雄,14277,14277,野生 黄莺 一般 都 不 叫 偶尔 开口 也 不 是 嚯 —— 叽 —— 呗 喀 铿 而是 嚯,——,叽 —— 呗 掐 十分 难 听 像 呗 喀 铿 或 铿 —— 这样 带有 金属 般 美妙 余韵,——
145,谭晶华徐建雄,14279,14279,一般 都 不 叫 偶尔 开口 也 不 是 嚯 —— 叽 —— 呗 喀 铿 而是 嚯 —— 叽,——,呗 掐 十分 难 听 像 呗 喀 铿 或 铿 —— 这样 带有 金属 般 美妙 余韵 的 声调,——
146,谭晶华徐建雄,14291,14291,—— 呗 喀 铿 而是 嚯 —— 叽 —— 呗 掐 十分 难 听 像 呗 喀 铿 或 铿,——,这样 带有 金属 般 美妙 余韵 的 声调 都 是 经过 人工 驯养 出来 的 那 是 将 野莺 的,——
147,谭晶华徐建雄,14564,14564,晨 夕 聆听 其 鸣 叫声 乐此不疲 天 鼓 的 啼 鸣 也 确实 动听 叫 出 的 高音 铿,——,清脆 爽利 余音袅袅 就 像 是 一 件 巧夺天工 的 乐器 所 发出 的 音乐 叫 人 根本 不 觉得,——
148,谭晶华徐建雄,22552,22552,是 绷带 他 觉得 那 就是 师父 两 个 月 之前 的 那个 丰润 白 皙 美丽 动人 的 脸庞,——,如同 浮现 在 微弱 光 晕 中 的 接 引 佛 一般 佐助 你 疼 吗 春 琴 问道 不,——
149,郑民钦,7143,7143,大阪 朝日 新闻 星期日 版 上 刊登 了 一 篇 小仓 敬 二 写 的 题 为 木偶 净 琉璃,——,血泪斑斑 的 修行 的 报道 其中 写 到 摄 津 大 掾 即 竹本 摄 津 大 掾 净 琉璃,——
150,郑民钦,12761,12761,以 今天 的 辨别 法 为 例 将 叫声 可阔 可阔 的 称为 越 谷 莺 声 将 叫声 嗬,——,嘁 —— 贝卡 昆 的 称为 高音 莺 声 除了 能 啼 叫 嗬 —— 嗬 —— 可 阔 这样,——
151,郑民钦,12763,12763,的 辨别 法 为 例 将 叫声 可阔 可阔 的 称为 越 谷 莺 声 将 叫声 嗬 —— 嘁,——,贝卡 昆 的 称为 高音 莺 声 除了 能 啼 叫 嗬 —— 嗬 —— 可 阔 这样 的 本,——
152,郑民钦,12776,12776,莺 声 将 叫声 嗬 —— 嘁 —— 贝卡 昆 的 称为 高音 莺 声 除了 能 啼 叫 嗬,——,嗬 —— 可 阔 这样 的 本 音 外 还 能 发出 上述 两 种 声音 的 黄莺 才 真正,——
153,郑民钦,12778,12778,将 叫声 嗬 —— 嘁 —— 贝卡 昆 的 称为 高音 莺 声 除了 能 啼 叫 嗬 —— 嗬,——,可 阔 这样 的 本 音 外 还 能 发出 上述 两 种 声音 的 黄莺 才 真正 身价百倍 树,——
154,郑民钦,12815,12815,才 真正 身价百倍 树 林子 里 的 黄莺 不 鸣 啼 偶尔 叫 一 声 也 不 是 发出 嗬,——,嘁 —— 贝卡 昆 的 声音 只 会 叫 嗬 —— 嘁 —— 贝锵 粗俗 难听 要 是 想 让,——
155,郑民钦,12817,12817,身价百倍 树 林子 里 的 黄莺 不 鸣 啼 偶尔 叫 一 声 也 不 是 发出 嗬 —— 嘁,——,贝卡 昆 的 声音 只 会 叫 嗬 —— 嘁 —— 贝锵 粗俗 难听 要 是 想 让 黄莺 的,——
156,郑民钦,12826,12826,偶尔 叫 一 声 也 不 是 发出 嗬 —— 嘁 —— 贝卡 昆 的 声音 只 会 叫 嗬,——,嘁 —— 贝锵 粗俗 难听 要 是 想 让 黄莺 的 鸣 啼 发出 贝卡 昆 这样 昆 带 着,——
157,郑民钦,12828,12828,一 声 也 不 是 发出 嗬 —— 嘁 —— 贝卡 昆 的 声音 只 会 叫 嗬 —— 嘁,——,贝锵 粗俗 难听 要 是 想 让 黄莺 的 鸣 啼 发出 贝卡 昆 这样 昆 带 着 金属 型,——
158,郑民钦,21462,21462,之外 还 要 利用 余暇 教授 许多 弟子 每当 此时 春琴 就 独处 室内 春琴赐 给 佐 助 一个 雅号,——,琴 台 将 教授 弟子 的 工作 完全 移交 给 他 音 曲 指南 的 招牌 上 还 在 鵙,——
